Damage,GammaDist,Probability,Percentile,DPS,Damage,Normal,Percentile
5433628,4.08754E-08,0,0.001155967,11424.79,5433628,4.54864E-08,0.001349898
5434602,4.21784E-08,4.21784E-08,0.001196424,11426.83,5434602,4.68693E-08,0.001394887
5435577,4.35181E-08,4.35181E-08,0.001238169,11428.88,5435577,4.82895E-08,0.001441242
5436551,4.48953E-08,4.48953E-08,0.001281238,11430.93,5436551,4.97477E-08,0.001488999
5437525,4.6311E-08,4.6311E-08,0.001325667,11432.98,5437525,5.12448E-08,0.001538195
5438499,4.7766E-08,4.7766E-08,0.001371494,11435.03,5438499,5.27816E-08,0.00158887
5439474,4.92613E-08,4.92613E-08,0.001418759,11437.08,5439474,5.43592E-08,0.001641061
5440448,5.07978E-08,5.07978E-08,0.001467501,11439.13,5440448,5.59783E-08,0.00169481
5441422,5.23764E-08,5.23764E-08,0.00151776,11441.17,5441422,5.76398E-08,0.001750157
5442397,5.39981E-08,5.39981E-08,0.001569578,11443.22,5442397,5.93447E-08,0.001807144
5443371,5.56638E-08,5.56638E-08,0.001622997,11445.27,5443371,6.1094E-08,0.001865813
5444345,5.73746E-08,5.73746E-08,0.001678062,11447.32,5444345,6.28885E-08,0.001926209
5445320,5.91314E-08,5.91314E-08,0.001734815,11449.37,5445320,6.47293E-08,0.001988376
5446294,6.09352E-08,6.09352E-08,0.001793303,11451.42,5446294,6.66172E-08,0.002052359
5447268,6.27872E-08,6.27872E-08,0.001853572,11453.47,5447268,6.85534E-08,0.002118205
5448243,6.46883E-08,6.46883E-08,0.001915669,11455.51,5448243,7.05388E-08,0.002185961
5449217,6.66395E-08,6.66395E-08,0.001979643,11457.56,5449217,7.25745E-08,0.002255677
5450191,6.86421E-08,6.86421E-08,0.002045543,11459.61,5450191,7.46614E-08,0.0023274
5451166,7.06971E-08,7.06971E-08,0.002113419,11461.66,5451166,7.68007E-08,0.002401182
5452140,7.28055E-08,7.28055E-08,0.002183324,11463.71,5452140,7.89933E-08,0.002477075
5453114,7.49686E-08,7.49686E-08,0.002255309,11465.76,5453114,8.12405E-08,0.00255513
5454089,7.71874E-08,7.71874E-08,0.002329429,11467.81,5454089,8.35432E-08,0.002635402
5455063,7.94631E-08,7.94631E-08,0.002405739,11469.85,5455063,8.59025E-08,0.002717945
5456037,8.17969E-08,8.17969E-08,0.002484294,11471.9,5456037,8.83197E-08,0.002802815
5457012,8.419E-08,8.419E-08,0.002565151,11473.95,5457012,9.07958E-08,0.002890068
5457986,8.66435E-08,8.66435E-08,0.00264837,11476,5457986,9.3332E-08,0.002979763
5458960,8.91588E-08,8.91588E-08,0.002734009,11478.05,5458960,9.59295E-08,0.003071959
5459935,9.1737E-08,9.1737E-08,0.002822129,11480.1,5459935,9.85894E-08,0.003166716
5460909,9.43793E-08,9.43793E-08,0.002912793,11482.15,5460909,1.01313E-07,0.003264096
5461883,9.70871E-08,9.70871E-08,0.003006063,11484.2,5461883,1.04101E-07,0.00336416
5462858,9.98616E-08,9.98616E-08,0.003102003,11486.24,5462858,1.06956E-07,0.003466974
5463832,1.02704E-07,1.02704E-07,0.00320068,11488.29,5463832,1.09877E-07,0.003572601
5464806,1.05616E-07,1.05616E-07,0.00330216,11490.34,5464806,1.12867E-07,0.003681108
5465781,1.08598E-07,1.08598E-07,0.003406511,11492.39,5465781,1.15927E-07,0.003792562
5466755,1.11653E-07,1.11653E-07,0.003513803,11494.44,5466755,1.19058E-07,0.003907033
5467729,1.14781E-07,1.14781E-07,0.003624107,11496.49,5467729,1.22262E-07,0.004024589
5468704,1.17983E-07,1.17983E-07,0.003737494,11498.54,5468704,1.25539E-07,0.004145301
5469678,1.21262E-07,1.21262E-07,0.003854039,11500.58,5469678,1.28891E-07,0.004269243
5470652,1.24617E-07,1.24618E-07,0.003973816,11502.63,5470652,1.32319E-07,0.004396488
5471627,1.28052E-07,1.28052E-07,0.0040969,11504.68,5471627,1.35825E-07,0.004527111
5472601,1.31567E-07,1.31567E-07,0.00422337,11506.73,5472601,1.39409E-07,0.004661188
5473575,1.35164E-07,1.35164E-07,0.004353305,11508.78,5473575,1.43074E-07,0.004798797
5474549,1.38844E-07,1.38844E-07,0.004486785,11510.83,5474549,1.46821E-07,0.004940016
5475524,1.42608E-07,1.42609E-07,0.004623891,11512.88,5475524,1.50651E-07,0.005084926
5476498,1.46459E-07,1.46459E-07,0.004764706,11514.92,5476498,1.54565E-07,0.005233608
5477472,1.50397E-07,1.50397E-07,0.004909316,11516.97,5477472,1.58565E-07,0.005386146
5478447,1.54424E-07,1.54424E-07,0.005057806,11519.02,5478447,1.62652E-07,0.005542623
5479421,1.58542E-07,1.58542E-07,0.005210264,11521.07,5479421,1.66828E-07,0.005703126
5480395,1.62751E-07,1.62751E-07,0.005366778,11523.12,5480395,1.71094E-07,0.005867742
5481370,1.67055E-07,1.67055E-07,0.005527439,11525.17,5481370,1.75452E-07,0.006036558
5482344,1.71453E-07,1.71453E-07,0.00569234,11527.22,5482344,1.79902E-07,0.006209665
5483318,1.75948E-07,1.75948E-07,0.005861572,11529.26,5483318,1.84447E-07,0.006387155
5484293,1.80541E-07,1.80541E-07,0.006035232,11531.31,5484293,1.89088E-07,0.006569119
5485267,1.85233E-07,1.85233E-07,0.006213415,11533.36,5485267,1.93827E-07,0.006755653
5486241,1.90027E-07,1.90027E-07,0.006396219,11535.41,5486241,1.98664E-07,0.006946851
5487216,1.94924E-07,1.94924E-07,0.006583745,11537.46,5487216,2.03601E-07,0.007142811
5488190,1.99926E-07,1.99926E-07,0.006776092,11539.51,5488190,2.08641E-07,0.007343631
5489164,2.05033E-07,2.05033E-07,0.006973363,11541.56,5489164,2.13783E-07,0.007549411
5490139,2.10248E-07,2.10248E-07,0.007175663,11543.61,5490139,2.19031E-07,0.007760254
5491113,2.15572E-07,2.15572E-07,0.007383097,11545.65,5491113,2.24385E-07,0.00797626
5492087,2.21007E-07,2.21007E-07,0.007595773,11547.7,5492087,2.29847E-07,0.008197536
5493062,2.26554E-07,2.26554E-07,0.007813798,11549.75,5493062,2.35418E-07,0.008424186
5494036,2.32215E-07,2.32215E-07,0.008037283,11551.8,5494036,2.411E-07,0.008656319
5495010,2.37992E-07,2.37992E-07,0.008266341,11553.85,5495010,2.46895E-07,0.008894043
5495985,2.43886E-07,2.43886E-07,0.008501084,11555.9,5495985,2.52804E-07,0.009137468
5496959,2.49899E-07,2.49899E-07,0.008741627,11557.95,5496959,2.58828E-07,0.009386706
5497933,2.56033E-07,2.56033E-07,0.008988088,11559.99,5497933,2.64969E-07,0.00964187
5498908,2.62288E-07,2.62288E-07,0.009240584,11562.04,5498908,2.71229E-07,0.009903076
5499882,2.68667E-07,2.68667E-07,0.009499235,11564.09,5499882,2.77609E-07,0.010170439
5500856,2.75172E-07,2.75172E-07,0.009764163,11566.14,5500856,2.84111E-07,0.010444077
5501831,2.81804E-07,2.81804E-07,0.01003549,11568.19,5501831,2.90735E-07,0.01072411
5502805,2.88564E-07,2.88564E-07,0.01031334,11570.24,5502805,2.97485E-07,0.011010658
5503779,2.95454E-07,2.95454E-07,0.010597841,11572.29,5503779,3.04361E-07,0.011303844
5504754,3.02476E-07,3.02476E-07,0.010889119,11574.33,5504754,3.11364E-07,0.011603792
5505728,3.09632E-07,3.09632E-07,0.011187304,11576.38,5505728,3.18497E-07,0.011910625
5506702,3.16922E-07,3.16922E-07,0.011492526,11578.43,5506702,3.25761E-07,0.012224473
5507676,3.24349E-07,3.24349E-07,0.011804917,11580.48,5507676,3.33157E-07,0.012545461
5508651,3.31915E-07,3.31915E-07,0.012124613,11582.53,5508651,3.40687E-07,0.012873721
5509625,3.3962E-07,3.3962E-07,0.012451747,11584.58,5509625,3.48352E-07,0.013209384
5510599,3.47466E-07,3.47466E-07,0.012786458,11586.63,5510599,3.56154E-07,0.013552581
5511574,3.55455E-07,3.55455E-07,0.013128882,11588.67,5511574,3.64095E-07,0.013903448
5512548,3.63589E-07,3.63589E-07,0.013479162,11590.72,5512548,3.72175E-07,0.014262118
5513522,3.71869E-07,3.71869E-07,0.013837437,11592.77,5513522,3.80396E-07,0.014628731
5514497,3.80296E-07,3.80296E-07,0.014203851,11594.82,5514497,3.88761E-07,0.015003423
5515471,3.88873E-07,3.88873E-07,0.014578549,11596.87,5515471,3.97269E-07,0.015386335
5516445,3.976E-07,3.976E-07,0.014961676,11598.92,5516445,4.05923E-07,0.015777607
5517420,4.06479E-07,4.06479E-07,0.01535338,11600.97,5517420,4.14724E-07,0.016177383
5518394,4.15511E-07,4.15511E-07,0.01575381,11603.02,5518394,4.23674E-07,0.016585807
5519368,4.24699E-07,4.24699E-07,0.016163116,11605.06,5519368,4.32773E-07,0.017003023
5520343,4.34043E-07,4.34043E-07,0.016581449,11607.11,5520343,4.42024E-07,0.017429178
5521317,4.43545E-07,4.43545E-07,0.017008964,11609.16,5521317,4.51427E-07,0.017864421
5522291,4.53206E-07,4.53206E-07,0.017445814,11611.21,5522291,4.60984E-07,0.0183089
5523266,4.63028E-07,4.63028E-07,0.017892155,11613.26,5523266,4.70697E-07,0.018762766
5524240,4.73012E-07,4.73012E-07,0.018348145,11615.31,5524240,4.80566E-07,0.019226172
5525214,4.83159E-07,4.83159E-07,0.018813942,11617.36,5525214,4.90592E-07,0.01969927
5526189,4.93471E-07,4.93471E-07,0.019289706,11619.4,5526189,5.00778E-07,0.020182215
5527163,5.03949E-07,5.03949E-07,0.019775598,11621.45,5527163,5.11125E-07,0.020675163
5528137,5.14595E-07,5.14595E-07,0.02027178,11623.5,5528137,5.21633E-07,0.02117827
5529112,5.25408E-07,5.25409E-07,0.020778416,11625.55,5529112,5.32303E-07,0.021691694
5530086,5.36392E-07,5.36392E-07,0.021295671,11627.6,5530086,5.43138E-07,0.022215594
5531060,5.47546E-07,5.47546E-07,0.021823711,11629.65,5531060,5.54138E-07,0.022750132
5532035,5.58873E-07,5.58873E-07,0.022362702,11631.7,5532035,5.65304E-07,0.023295468
5533009,5.70373E-07,5.70373E-07,0.022912814,11633.74,5533009,5.76637E-07,0.023851764
5533983,5.82047E-07,5.82047E-07,0.023474214,11635.79,5533983,5.88139E-07,0.024419185
5534958,5.93896E-07,5.93896E-07,0.024047074,11637.84,5534958,5.9981E-07,0.024997895
5535932,6.05922E-07,6.05922E-07,0.024631566,11639.89,5535932,6.11652E-07,0.02558806
5536906,6.18125E-07,6.18125E-07,0.02522786,11641.94,5536906,6.23665E-07,0.026189845
5537881,6.30507E-07,6.30507E-07,0.025836132,11643.99,5537881,6.35851E-07,0.026803419
5538855,6.43068E-07,6.43068E-07,0.026456554,11646.04,5538855,6.48209E-07,0.02742895
5539829,6.55809E-07,6.55809E-07,0.027089302,11648.08,5539829,6.60742E-07,0.028066607
5540803,6.68731E-07,6.68731E-07,0.027734552,11650.13,5540803,6.7345E-07,0.02871656
5541778,6.81834E-07,6.81834E-07,0.028392481,11652.18,5541778,6.86333E-07,0.02937898
5542752,6.95121E-07,6.95121E-07,0.029063266,11654.23,5542752,6.99394E-07,0.030054039
5543726,7.08591E-07,7.08591E-07,0.029747086,11656.28,5543726,7.12631E-07,0.030741909
5544701,7.22244E-07,7.22244E-07,0.030444119,11658.33,5544701,7.26046E-07,0.031442763
5545675,7.36083E-07,7.36083E-07,0.031154546,11660.38,5545675,7.3964E-07,0.032156775
5546649,7.50106E-07,7.50106E-07,0.031878545,11662.43,5546649,7.53413E-07,0.032884119
5547624,7.64315E-07,7.64315E-07,0.032616298,11664.47,5547624,7.67366E-07,0.033624969
5548598,7.78711E-07,7.78711E-07,0.033367987,11666.52,5548598,7.81499E-07,0.034379502
5549572,7.93293E-07,7.93293E-07,0.034133792,11668.57,5549572,7.95812E-07,0.035147894
5550547,8.08062E-07,8.08062E-07,0.034913896,11670.62,5550547,8.10307E-07,0.035930319
5551521,8.23019E-07,8.23019E-07,0.035708481,11672.67,5551521,8.24984E-07,0.036726956
5552495,8.38163E-07,8.38163E-07,0.03651773,11674.72,5552495,8.39842E-07,0.03753798
5553470,8.53495E-07,8.53495E-07,0.037341826,11676.77,5553470,8.54882E-07,0.03836357
5554444,8.69016E-07,8.69016E-07,0.038180952,11678.81,5554444,8.70105E-07,0.039203903
5555418,8.84724E-07,8.84724E-07,0.039035292,11680.86,5555418,8.8551E-07,0.040059157
5556393,9.00621E-07,9.00621E-07,0.039905029,11682.91,5556393,9.01098E-07,0.040929509
5557367,9.16706E-07,9.16706E-07,0.040790346,11684.96,5557367,9.16868E-07,0.041815138
5558341,9.3298E-07,9.3298E-07,0.041691427,11687.01,5558341,9.32821E-07,0.042716221
5559316,9.49441E-07,9.49441E-07,0.042608455,11689.06,5559316,9.48957E-07,0.043632937
5560290,9.66091E-07,9.66091E-07,0.043541614,11691.11,5560290,9.65275E-07,0.044565463
5561264,9.82928E-07,9.82928E-07,0.044491087,11693.15,5561264,9.81776E-07,0.045513977
5562239,9.99953E-07,9.99953E-07,0.045457055,11695.2,5562239,9.98459E-07,0.046478658
5563213,1.01716E-06,1.01716E-06,0.046439703,11697.25,5563213,1.01532E-06,0.047459682
5564187,1.03456E-06,1.03456E-06,0.047439212,11699.3,5564187,1.03237E-06,0.048457226
5565162,1.05215E-06,1.05215E-06,0.048455763,11701.35,5565162,1.0496E-06,0.049471468
5566136,1.06992E-06,1.06992E-06,0.049489538,11703.4,5566136,1.06701E-06,0.050502583
5567110,1.08787E-06,1.08787E-06,0.050540717,11705.45,5567110,1.0846E-06,0.051550748
5568085,1.10601E-06,1.10601E-06,0.051609481,11707.49,5568085,1.10237E-06,0.052616138
5569059,1.12434E-06,1.12434E-06,0.052696008,11709.54,5569059,1.12031E-06,0.053698928
5570033,1.14284E-06,1.14284E-06,0.053800478,11711.59,5570033,1.13844E-06,0.054799292
5571008,1.16153E-06,1.16153E-06,0.054923067,11713.64,5571008,1.15674E-06,0.055917403
5571982,1.1804E-06,1.1804E-06,0.056063953,11715.69,5571982,1.17522E-06,0.057053433
5572956,1.19945E-06,1.19945E-06,0.057223311,11717.74,5572956,1.19388E-06,0.058207556
5573930,1.21868E-06,1.21868E-06,0.058401316,11719.79,5573930,1.21271E-06,0.059379941
5574905,1.23808E-06,1.23808E-06,0.059598142,11721.84,5574905,1.23172E-06,0.060570758
5575879,1.25766E-06,1.25766E-06,0.060813961,11723.88,5575879,1.25089E-06,0.061780177
5576853,1.27742E-06,1.27742E-06,0.062048944,11725.93,5576853,1.27024E-06,0.063008364
5577828,1.29735E-06,1.29735E-06,0.063303262,11727.98,5577828,1.28976E-06,0.064255488
5578802,1.31745E-06,1.31745E-06,0.064577082,11730.03,5578802,1.30945E-06,0.065521712
5579776,1.33773E-06,1.33773E-06,0.065870571,11732.08,5579776,1.32931E-06,0.066807201
5580751,1.35817E-06,1.35817E-06,0.067183896,11734.13,5580751,1.34933E-06,0.068112118
5581725,1.37878E-06,1.37878E-06,0.06851722,11736.18,5581725,1.36952E-06,0.069436623
5582699,1.39955E-06,1.39955E-06,0.069870704,11738.22,5582699,1.38987E-06,0.070780877
5583674,1.42049E-06,1.42049E-06,0.07124451,11740.27,5583674,1.41038E-06,0.072145037
5584648,1.44159E-06,1.44159E-06,0.072638796,11742.32,5584648,1.43105E-06,0.07352926
5585622,1.46285E-06,1.46285E-06,0.074053718,11744.37,5585622,1.45188E-06,0.0749337
5586597,1.48427E-06,1.48427E-06,0.075489431,11746.42,5586597,1.47286E-06,0.07635851
5587571,1.50584E-06,1.50584E-06,0.076946088,11748.47,5587571,1.494E-06,0.077803841
5588545,1.52757E-06,1.52757E-06,0.078423838,11750.52,5588545,1.51529E-06,0.079269841
5589520,1.54945E-06,1.54945E-06,0.07992283,11752.56,5589520,1.53673E-06,0.080756659
5590494,1.57147E-06,1.57147E-06,0.08144321,11754.61,5590494,1.55832E-06,0.082264439
5591468,1.59364E-06,1.59364E-06,0.082985121,11756.66,5591468,1.58005E-06,0.083793322
5592443,1.61596E-06,1.61596E-06,0.084548704,11758.71,5592443,1.60193E-06,0.085343451
5593417,1.63841E-06,1.63841E-06,0.086134097,11760.76,5593417,1.62394E-06,0.086914962
5594391,1.66101E-06,1.66101E-06,0.087741437,11762.81,5594391,1.6461E-06,0.088507991
5595366,1.68373E-06,1.68373E-06,0.089370857,11764.86,5595366,1.66839E-06,0.090122672
5596340,1.7066E-06,1.7066E-06,0.091022486,11766.9,5596340,1.69081E-06,0.091759136
5597314,1.72959E-06,1.72959E-06,0.092696452,11768.95,5597314,1.71336E-06,0.093417509
5598289,1.7527E-06,1.7527E-06,0.09439288,11771,5598289,1.73604E-06,0.095097918
5599263,1.77594E-06,1.77594E-06,0.096111892,11773.05,5599263,1.75885E-06,0.096800485
5600237,1.7993E-06,1.7993E-06,0.097853605,11775.1,5600237,1.78177E-06,0.098525329
5601212,1.82278E-06,1.82278E-06,0.099618136,11777.15,5601212,1.80482E-06,0.100272568
5602186,1.84637E-06,1.84637E-06,0.101405597,11779.2,5602186,1.82797E-06,0.102042315
5603160,1.87007E-06,1.87007E-06,0.103216095,11781.25,5603160,1.85124E-06,0.103834681
5604135,1.89388E-06,1.89388E-06,0.105049738,11783.29,5604135,1.87462E-06,0.105649774
5605109,1.91779E-06,1.91779E-06,0.106906626,11785.34,5605109,1.89811E-06,0.107487697
5606083,1.94179E-06,1.94179E-06,0.108786858,11787.39,5606083,1.9217E-06,0.109348552
5607058,1.9659E-06,1.9659E-06,0.11069053,11789.44,5607058,1.94538E-06,0.111232437
5608032,1.99009E-06,1.99009E-06,0.112617732,11791.49,5608032,1.96916E-06,0.113139446
5609006,2.01438E-06,2.01438E-06,0.114568552,11793.54,5609006,1.99303E-06,0.11506967
5609980,2.03875E-06,2.03875E-06,0.116543073,11795.59,5609980,2.01699E-06,0.117023196
5610955,2.06319E-06,2.06319E-06,0.118541376,11797.63,5610955,2.04104E-06,0.119000108
5611929,2.08772E-06,2.08772E-06,0.120563536,11799.68,5611929,2.06516E-06,0.121000484
5612903,2.11231E-06,2.11231E-06,0.122609625,11801.73,5612903,2.08936E-06,0.123024403
5613878,2.13698E-06,2.13698E-06,0.124679711,11803.78,5613878,2.11363E-06,0.125071936
5614852,2.1617E-06,2.1617E-06,0.126773857,11805.83,5614852,2.13797E-06,0.127143151
5615826,2.18649E-06,2.18649E-06,0.128892123,11807.88,5615826,2.16238E-06,0.129238112
5616801,2.21132E-06,2.21132E-06,0.131034564,11809.93,5616801,2.18684E-06,0.131356881
5617775,2.23621E-06,2.23621E-06,0.133201231,11811.97,5617775,2.21136E-06,0.133499513
5618749,2.26115E-06,2.26115E-06,0.135392169,11814.02,5618749,2.23593E-06,0.135666061
5619724,2.28612E-06,2.28612E-06,0.137607422,11816.07,5619724,2.26055E-06,0.137856572
5620698,2.31113E-06,2.31113E-06,0.139847025,11818.12,5620698,2.28521E-06,0.14007109
5621672,2.33617E-06,2.33617E-06,0.142111013,11820.17,5621672,2.30991E-06,0.142309654
5622647,2.36124E-06,2.36124E-06,0.144399412,11822.22,5622647,2.33464E-06,0.1445723
5623621,2.38633E-06,2.38633E-06,0.146712247,11824.27,5623621,2.3594E-06,0.146859056
5624595,2.41144E-06,2.41144E-06,0.149049536,11826.31,5624595,2.38419E-06,0.14916995
5625570,2.43656E-06,2.43656E-06,0.151411292,11828.36,5625570,2.40899E-06,0.151505003
5626544,2.46168E-06,2.46168E-06,0.153797526,11830.41,5626544,2.43381E-06,0.15386423
5627518,2.48681E-06,2.48681E-06,0.15620824,11832.46,5627518,2.45864E-06,0.156247645
5628493,2.51193E-06,2.51193E-06,0.158643434,11834.51,5628493,2.48347E-06,0.158655254
5629467,2.53704E-06,2.53704E-06,0.161103102,11836.56,5629467,2.50831E-06,0.16108706
5630441,2.56214E-06,2.56214E-06,0.163587233,11838.61,5630441,2.53314E-06,0.163543059
5631416,2.58722E-06,2.58722E-06,0.16609581,11840.66,5631416,2.55796E-06,0.166023246
5632390,2.61228E-06,2.61228E-06,0.168628814,11842.7,5632390,2.58276E-06,0.168527608
5633364,2.63731E-06,2.63731E-06,0.171186216,11844.75,5633364,2.60754E-06,0.171056126
5634339,2.6623E-06,2.6623E-06,0.173767985,11846.8,5634339,2.6323E-06,0.17360878
5635313,2.68725E-06,2.68725E-06,0.176374085,11848.85,5635313,2.65703E-06,0.176185542
5636287,2.71215E-06,2.71215E-06,0.179004473,11850.9,5636287,2.68172E-06,0.17878638
5637262,2.73701E-06,2.73701E-06,0.181659102,11852.95,5637262,2.70637E-06,0.181411255
5638236,2.7618E-06,2.7618E-06,0.184337918,11855,5638236,2.73097E-06,0.184060125
5639210,2.78654E-06,2.78654E-06,0.187040863,11857.04,5639210,2.75553E-06,0.186732943
5640185,2.8112E-06,2.8112E-06,0.189767874,11859.09,5640185,2.78002E-06,0.189429655
5641159,2.83579E-06,2.83579E-06,0.192518881,11861.14,5641159,2.80445E-06,0.192150202
5642133,2.8603E-06,2.8603E-06,0.195293809,11863.19,5642133,2.82882E-06,0.194894521
5643107,2.88473E-06,2.88473E-06,0.198092579,11865.24,5643107,2.85311E-06,0.197662543
5644082,2.90907E-06,2.90907E-06,0.200915104,11867.29,5644082,2.87732E-06,0.200454193
5645056,2.93331E-06,2.93331E-06,0.203761294,11869.34,5645056,2.90144E-06,0.203269392
5646030,2.95744E-06,2.95744E-06,0.20663105,11871.38,5646030,2.92548E-06,0.206108054
5647005,2.98147E-06,2.98147E-06,0.209524272,11873.43,5647005,2.94942E-06,0.208970088
5647979,3.00539E-06,3.00539E-06,0.212440851,11875.48,5647979,2.97326E-06,0.211855399
5648953,3.02918E-06,3.02918E-06,0.215380673,11877.53,5648953,2.99699E-06,0.214763884
5649928,3.05285E-06,3.05285E-06,0.21834362,11879.58,5649928,3.02061E-06,0.217695438
5650902,3.07639E-06,3.07639E-06,0.221329566,11881.63,5650902,3.04411E-06,0.220649946
5651876,3.0998E-06,3.0998E-06,0.224338381,11883.68,5651876,3.06749E-06,0.223627292
5652851,3.12306E-06,3.12306E-06,0.227369929,11885.72,5652851,3.09073E-06,0.226627352
5653825,3.14617E-06,3.14617E-06,0.230424069,11887.77,5653825,3.11384E-06,0.229649997
5654799,3.16913E-06,3.16913E-06,0.233500654,11889.82,5654799,3.13682E-06,0.232695092
5655774,3.19193E-06,3.19193E-06,0.23659953,11891.87,5655774,3.15964E-06,0.235762498
5656748,3.21456E-06,3.21456E-06,0.239720539,11893.92,5656748,3.18231E-06,0.238852068
5657722,3.23702E-06,3.23702E-06,0.242863517,11895.97,5657722,3.20483E-06,0.241963652
5658697,3.25931E-06,3.25931E-06,0.246028296,11898.02,5658697,3.22718E-06,0.245097094
5659671,3.28141E-06,3.28141E-06,0.249214699,11900.07,5659671,3.24936E-06,0.248252231
5660645,3.30333E-06,3.30333E-06,0.252422547,11902.11,5660645,3.27137E-06,0.251428895
5661620,3.32505E-06,3.32505E-06,0.255651653,11904.16,5661620,3.29319E-06,0.254626915
5662594,3.34657E-06,3.34657E-06,0.258901826,11906.21,5662594,3.31484E-06,0.257846111
5663568,3.36788E-06,3.36788E-06,0.262172868,11908.26,5663568,3.33629E-06,0.2610863
5664543,3.38899E-06,3.38899E-06,0.265464578,11910.31,5664543,3.35754E-06,0.264347292
5665517,3.40988E-06,3.40988E-06,0.268776747,11912.36,5665517,3.37859E-06,0.267628894
5666491,3.43055E-06,3.43055E-06,0.272109162,11914.41,5666491,3.39943E-06,0.270930904
5667466,3.45099E-06,3.45099E-06,0.275461606,11916.45,5667466,3.42006E-06,0.274253118
5668440,3.4712E-06,3.4712E-06,0.278833853,11918.5,5668440,3.44047E-06,0.277595325
5669414,3.49117E-06,3.49117E-06,0.282225674,11920.55,5669414,3.46066E-06,0.280957309
5670389,3.5109E-06,3.5109E-06,0.285636837,11922.6,5670389,3.48061E-06,0.284338849
5671363,3.53038E-06,3.53038E-06,0.2890671,11924.65,5671363,3.50033E-06,0.287739719
5672337,3.54961E-06,3.54961E-06,0.29251622,11926.7,5672337,3.51981E-06,0.291159687
5673312,3.56857E-06,3.56857E-06,0.295983947,11928.75,5673312,3.53905E-06,0.294598516
5674286,3.58728E-06,3.58728E-06,0.299470026,11930.79,5674286,3.55803E-06,0.298055965
5675260,3.60571E-06,3.60571E-06,0.302974197,11932.84,5675260,3.57676E-06,0.301531788
5676234,3.62387E-06,3.62387E-06,0.306496196,11934.89,5676234,3.59523E-06,0.305025731
5677209,3.64175E-06,3.64175E-06,0.310035753,11936.94,5677209,3.61343E-06,0.308537539
5678183,3.65935E-06,3.65935E-06,0.313592595,11938.99,5678183,3.63136E-06,0.312066949
5679157,3.67666E-06,3.67666E-06,0.317166442,11941.04,5679157,3.64902E-06,0.315613697
5680132,3.69367E-06,3.69367E-06,0.32075701,11943.09,5680132,3.66639E-06,0.319177509
5681106,3.71039E-06,3.71039E-06,0.324364011,11945.13,5681106,3.68348E-06,0.32275811
5682080,3.7268E-06,3.7268E-06,0.327987153,11947.18,5682080,3.70028E-06,0.32635522
5683055,3.74291E-06,3.74291E-06,0.331626137,11949.23,5683055,3.71678E-06,0.329968554
5684029,3.7587E-06,3.7587E-06,0.335280664,11951.28,5684029,3.73299E-06,0.333597821
5685003,3.77418E-06,3.77418E-06,0.338950425,11953.33,5685003,3.74888E-06,0.337242727
5685978,3.78934E-06,3.78934E-06,0.342635112,11955.38,5685978,3.76447E-06,0.340902974
5686952,3.80417E-06,3.80417E-06,0.346334409,11957.43,5686952,3.77975E-06,0.344578258
5687926,3.81868E-06,3.81868E-06,0.350047999,11959.48,5687926,3.79471E-06,0.348268274
5688901,3.83285E-06,3.83285E-06,0.353775559,11961.52,5688901,3.80935E-06,0.351972708
5689875,3.84668E-06,3.84668E-06,0.357516761,11963.57,5689875,3.82366E-06,0.355691245
5690849,3.86018E-06,3.86018E-06,0.361271277,11965.62,5690849,3.83764E-06,0.359423567
5691824,3.87332E-06,3.87332E-06,0.365038772,11967.67,5691824,3.85129E-06,0.363169349
5692798,3.88612E-06,3.88612E-06,0.368818908,11969.72,5692798,3.8646E-06,0.366928264
5693772,3.89857E-06,3.89857E-06,0.372611345,11971.77,5693772,3.87757E-06,0.370699981
5694747,3.91067E-06,3.91067E-06,0.376415737,11973.82,5694747,3.89019E-06,0.374484165
5695721,3.9224E-06,3.9224E-06,0.380231736,11975.86,5695721,3.90246E-06,0.378280478
5696695,3.93377E-06,3.93377E-06,0.384058991,11977.91,5696695,3.91438E-06,0.382088578
5697670,3.94478E-06,3.94478E-06,0.387897148,11979.96,5697670,3.92595E-06,0.385908119
5698644,3.95541E-06,3.95541E-06,0.391745848,11982.01,5698644,3.93715E-06,0.389738752
5699618,3.96568E-06,3.96568E-06,0.395604732,11984.06,5699618,3.948E-06,0.393580127
5700593,3.97557E-06,3.97557E-06,0.399473436,11986.11,5700593,3.95847E-06,0.397431887
5701567,3.98508E-06,3.98508E-06,0.403351594,11988.16,5701567,3.96858E-06,0.401293674
5702541,3.99422E-06,3.99422E-06,0.407238836,11990.2,5702541,3.97831E-06,0.405165128
5703516,4.00297E-06,4.00297E-06,0.411134791,11992.25,5703516,3.98767E-06,0.409045885
5704490,4.01133E-06,4.01133E-06,0.415039085,11994.3,5704490,3.99666E-06,0.412935577
5705464,4.01931E-06,4.01931E-06,0.418951342,11996.35,5705464,4.00526E-06,0.416833837
5706439,4.0269E-06,4.0269E-06,0.422871184,11998.4,5706439,4.01348E-06,0.420740291
5707413,4.0341E-06,4.0341E-06,0.42679823,12000.45,5707413,4.02131E-06,0.424654565
5708387,4.0409E-06,4.0409E-06,0.430732096,12002.5,5708387,4.02876E-06,0.428576284
5709361,4.04731E-06,4.04731E-06,0.434672399,12004.54,5709361,4.03581E-06,0.432505068
5710336,4.05332E-06,4.05332E-06,0.438618752,12006.59,5710336,4.04248E-06,0.436440537
5711310,4.05893E-06,4.05893E-06,0.442570767,12008.64,5711310,4.04875E-06,0.440382308
5712284,4.06415E-06,4.06415E-06,0.446528055,12010.69,5712284,4.05463E-06,0.444329995
5713259,4.06895E-06,4.06895E-06,0.450490224,12012.74,5713259,4.0601E-06,0.448283213
5714233,4.07336E-06,4.07336E-06,0.454456882,12014.79,5714233,4.06518E-06,0.452241574
5715207,4.07736E-06,4.07736E-06,0.458427636,12016.84,5715207,4.06986E-06,0.456204688
5716182,4.08096E-06,4.08096E-06,0.46240209,12018.89,5716182,4.07413E-06,0.460172163
5717156,4.08415E-06,4.08415E-06,0.46637985,12020.93,5717156,4.07801E-06,0.464143607
5718130,4.08693E-06,4.08693E-06,0.470360518,12022.98,5718130,4.08147E-06,0.468118628
5719105,4.0893E-06,4.0893E-06,0.474343698,12025.03,5719105,4.08454E-06,0.47209683
5720079,4.09127E-06,4.09127E-06,0.478328991,12027.08,5720079,4.08719E-06,0.476077817
5721053,4.09282E-06,4.09282E-06,0.482315999,12029.13,5721053,4.08944E-06,0.480061194
5722028,4.09397E-06,4.09397E-06,0.486304324,12031.18,5722028,4.09128E-06,0.484046563
5723002,4.0947E-06,4.0947E-06,0.490293566,12033.23,5723002,4.09271E-06,0.488033527
5723976,4.09503E-06,4.09503E-06,0.494283326,12035.27,5723976,4.09374E-06,0.492021686
5724951,4.09495E-06,4.09495E-06,0.498273206,12037.32,5724951,4.09435E-06,0.496010644
5725925,4.09446E-06,4.09446E-06,0.502262805,12039.37,5725925,4.09456E-06,0.5
5726899,4.09356E-06,4.09356E-06,0.506251726,12041.42,5726899,4.09435E-06,0.503989356
5727874,4.09225E-06,4.09225E-06,0.510239569,12043.47,5727874,4.09374E-06,0.507978314
5728848,4.09053E-06,4.09053E-06,0.514225937,12045.52,5728848,4.09271E-06,0.511966473
5729822,4.0884E-06,4.0884E-06,0.518210433,12047.57,5729822,4.09128E-06,0.515953437
5730797,4.08587E-06,4.08587E-06,0.522192658,12049.61,5730797,4.08944E-06,0.519938806
5731771,4.08293E-06,4.08293E-06,0.526172218,12051.66,5731771,4.08719E-06,0.523922183
5732745,4.07959E-06,4.07959E-06,0.530148718,12053.71,5732745,4.08454E-06,0.52790317
5733720,4.07584E-06,4.07584E-06,0.534121763,12055.76,5733720,4.08147E-06,0.531881372
5734694,4.07169E-06,4.07169E-06,0.538090961,12057.81,5734694,4.07801E-06,0.535856393
5735668,4.06714E-06,4.06714E-06,0.54205592,12059.86,5735668,4.07413E-06,0.539827837
5736643,4.06219E-06,4.06219E-06,0.546016249,12061.91,5736643,4.06986E-06,0.543795313
5737617,4.05684E-06,4.05684E-06,0.549971562,12063.95,5737617,4.06518E-06,0.547758426
5738591,4.05109E-06,4.05109E-06,0.553921469,12066,5738591,4.0601E-06,0.551716787
5739566,4.04495E-06,4.04495E-06,0.557865587,12068.05,5739566,4.05463E-06,0.555670005
5740540,4.03842E-06,4.03842E-06,0.561803531,12070.1,5740540,4.04875E-06,0.559617692
5741514,4.0315E-06,4.0315E-06,0.565734921,12072.15,5741514,4.04248E-06,0.563559463
5742489,4.02419E-06,4.02419E-06,0.569659377,12074.2,5742489,4.03581E-06,0.567494932
5743463,4.01649E-06,4.01649E-06,0.573576521,12076.25,5743463,4.02876E-06,0.571423716
5744437,4.00841E-06,4.00841E-06,0.577485979,12078.3,5744437,4.02131E-06,0.575345435
5745411,3.99995E-06,3.99995E-06,0.581387378,12080.34,5745411,4.01348E-06,0.579259709
5746386,3.99111E-06,3.99111E-06,0.585280349,12082.39,5746386,4.00526E-06,0.583166164
5747360,3.98189E-06,3.98189E-06,0.589164524,12084.44,5747360,3.99666E-06,0.587064423
5748334,3.97231E-06,3.97231E-06,0.593039537,12086.49,5748334,3.98767E-06,0.590954115
5749309,3.96235E-06,3.96235E-06,0.596905028,12088.54,5749309,3.97831E-06,0.594834872
5750283,3.95202E-06,3.95202E-06,0.600760637,12090.59,5750283,3.96858E-06,0.598706326
5751257,3.94133E-06,3.94133E-06,0.604606008,12092.64,5751257,3.95847E-06,0.602568113
5752232,3.93028E-06,3.93028E-06,0.608440789,12094.68,5752232,3.948E-06,0.606419873
5753206,3.91888E-06,3.91888E-06,0.612264629,12096.73,5753206,3.93715E-06,0.610261248
5754180,3.90712E-06,3.90712E-06,0.616077183,12098.78,5754180,3.92595E-06,0.614091881
5755155,3.895E-06,3.895E-06,0.619878106,12100.83,5755155,3.91438E-06,0.617911422
5756129,3.88255E-06,3.88255E-06,0.623667061,12102.88,5756129,3.90246E-06,0.621719522
5757103,3.86975E-06,3.86975E-06,0.62744371,12104.93,5757103,3.89019E-06,0.625515835
5758078,3.85661E-06,3.85661E-06,0.631207721,12106.98,5758078,3.87757E-06,0.629300019
5759052,3.84313E-06,3.84313E-06,0.634958766,12109.02,5759052,3.8646E-06,0.633071736
5760026,3.82932E-06,3.82932E-06,0.63869652,12111.07,5760026,3.85129E-06,0.636830651
5761001,3.81519E-06,3.81519E-06,0.642420662,12113.12,5761001,3.83764E-06,0.640576433
5761975,3.80073E-06,3.80073E-06,0.646130875,12115.17,5761975,3.82366E-06,0.644308755
5762949,3.78596E-06,3.78596E-06,0.649826846,12117.22,5762949,3.80935E-06,0.648027292
5763924,3.77087E-06,3.77087E-06,0.653508267,12119.27,5763924,3.79471E-06,0.651731727
5764898,3.75546E-06,3.75546E-06,0.657174833,12121.32,5764898,3.77975E-06,0.655421742
5765872,3.73976E-06,3.73976E-06,0.660826244,12123.36,5765872,3.76447E-06,0.659097026
5766847,3.72375E-06,3.72375E-06,0.664462203,12125.41,5766847,3.74888E-06,0.662757273
5767821,3.70744E-06,3.70744E-06,0.66808242,12127.46,5767821,3.73299E-06,0.666402179
5768795,3.69084E-06,3.69084E-06,0.671686607,12129.51,5768795,3.71678E-06,0.670031446
5769770,3.67396E-06,3.67396E-06,0.675274482,12131.56,5769770,3.70028E-06,0.67364478
5770744,3.65679E-06,3.65679E-06,0.678845767,12133.61,5770744,3.68348E-06,0.67724189
5771718,3.63935E-06,3.63935E-06,0.682400189,12135.66,5771718,3.66639E-06,0.680822491
5772693,3.62163E-06,3.62163E-06,0.685937479,12137.71,5772693,3.64902E-06,0.684386304
5773667,3.60364E-06,3.60364E-06,0.689457374,12139.75,5773667,3.63136E-06,0.687933051
5774641,3.58539E-06,3.58539E-06,0.692959614,12141.8,5774641,3.61343E-06,0.691462461
5775616,3.56688E-06,3.56688E-06,0.696443946,12143.85,5775616,3.59523E-06,0.694974269
5776590,3.54812E-06,3.54812E-06,0.699910121,12145.9,5776590,3.57676E-06,0.698468213
5777564,3.52911E-06,3.52911E-06,0.703357895,12147.95,5777564,3.55803E-06,0.701944035
5778538,3.50985E-06,3.50985E-06,0.706787027,12150,5778538,3.53905E-06,0.705401484
5779513,3.49036E-06,3.49036E-06,0.710197285,12152.05,5779513,3.51981E-06,0.708840313
5780487,3.47064E-06,3.47064E-06,0.71358844,12154.09,5780487,3.50033E-06,0.712260281
5781461,3.45069E-06,3.45069E-06,0.716960267,12156.14,5781461,3.48061E-06,0.715661151
5782436,3.43052E-06,3.43052E-06,0.720312548,12158.19,5782436,3.46066E-06,0.719042691
5783410,3.41013E-06,3.41013E-06,0.72364507,12160.24,5783410,3.44047E-06,0.722404675
5784384,3.38953E-06,3.38953E-06,0.726957624,12162.29,5784384,3.42006E-06,0.725746882
5785359,3.36873E-06,3.36873E-06,0.730250008,12164.34,5785359,3.39943E-06,0.729069096
5786333,3.34772E-06,3.34772E-06,0.733522023,12166.39,5786333,3.37859E-06,0.732371107
5787307,3.32652E-06,3.32652E-06,0.736773478,12168.43,5787307,3.35754E-06,0.735652708
5788282,3.30514E-06,3.30514E-06,0.740004185,12170.48,5788282,3.33629E-06,0.7389137
5789256,3.28356E-06,3.28356E-06,0.743213963,12172.53,5789256,3.31484E-06,0.742153889
5790230,3.26181E-06,3.26181E-06,0.746402635,12174.58,5790230,3.29319E-06,0.745373085
5791205,3.23989E-06,3.23989E-06,0.74957003,12176.63,5791205,3.27137E-06,0.748571105
5792179,3.2178E-06,3.2178E-06,0.752715984,12178.68,5792179,3.24936E-06,0.75174777
5793153,3.19555E-06,3.19555E-06,0.755840335,12180.73,5793153,3.22718E-06,0.754902906
5794128,3.17314E-06,3.17314E-06,0.758942929,12182.77,5794128,3.20483E-06,0.758036348
5795102,3.15058E-06,3.15058E-06,0.762023617,12184.82,5795102,3.18231E-06,0.761147932
5796076,3.12788E-06,3.12788E-06,0.765082254,12186.87,5796076,3.15964E-06,0.764237502
5797051,3.10504E-06,3.10504E-06,0.768118703,12188.92,5797051,3.13682E-06,0.767304908
5798025,3.08206E-06,3.08206E-06,0.77113283,12190.97,5798025,3.11384E-06,0.770350003
5798999,3.05895E-06,3.05895E-06,0.774124507,12193.02,5798999,3.09073E-06,0.773372648
5799974,3.03573E-06,3.03573E-06,0.777093613,12195.07,5799974,3.06749E-06,0.776372708
5800948,3.01238E-06,3.01238E-06,0.78004003,12197.12,5800948,3.04411E-06,0.779350054
5801922,2.98893E-06,2.98893E-06,0.782963647,12199.16,5801922,3.02061E-06,0.782304562
5802897,2.96536E-06,2.96536E-06,0.785864358,12201.21,5802897,2.99699E-06,0.785236116
5803871,2.9417E-06,2.9417E-06,0.788742063,12203.26,5803871,2.97326E-06,0.788144601
5804845,2.91794E-06,2.91794E-06,0.791596665,12205.31,5804845,2.94942E-06,0.791029912
5805820,2.89409E-06,2.89409E-06,0.794428075,12207.36,5805820,2.92548E-06,0.793891946
5806794,2.87016E-06,2.87016E-06,0.797236208,12209.41,5806794,2.90144E-06,0.796730608
5807768,2.84615E-06,2.84615E-06,0.800020985,12211.46,5807768,2.87732E-06,0.799545807
5808743,2.82207E-06,2.82207E-06,0.802782332,12213.5,5808743,2.85311E-06,0.802337457
5809717,2.79792E-06,2.79792E-06,0.805520179,12215.55,5809717,2.82882E-06,0.805105479
5810691,2.7737E-06,2.7737E-06,0.808234464,12217.6,5810691,2.80445E-06,0.807849798
5811665,2.74943E-06,2.74943E-06,0.810925127,12219.65,5811665,2.78002E-06,0.810570345
5812640,2.72511E-06,2.72511E-06,0.813592116,12221.7,5812640,2.75553E-06,0.813267057
5813614,2.70073E-06,2.70073E-06,0.816235381,12223.75,5813614,2.73097E-06,0.815939875
5814588,2.67632E-06,2.67632E-06,0.818854881,12225.8,5814588,2.70637E-06,0.818588745
5815563,2.65187E-06,2.65187E-06,0.821450577,12227.84,5815563,2.68172E-06,0.82121362
5816537,2.62739E-06,2.62739E-06,0.824022436,12229.89,5816537,2.65703E-06,0.823814458
5817511,2.60289E-06,2.60289E-06,0.826570431,12231.94,5817511,2.6323E-06,0.82639122
5818486,2.57836E-06,2.57836E-06,0.829094537,12233.99,5818486,2.60754E-06,0.828943874
5819460,2.55381E-06,2.55381E-06,0.831594737,12236.04,5819460,2.58276E-06,0.831472393
5820434,2.52926E-06,2.52926E-06,0.834071018,12238.09,5820434,2.55796E-06,0.833976754
5821409,2.5047E-06,2.5047E-06,0.836523371,12240.14,5821409,2.53314E-06,0.836456941
5822383,2.48014E-06,2.48014E-06,0.838951793,12242.18,5822383,2.50831E-06,0.838912941
5823357,2.45558E-06,2.45558E-06,0.841356283,12244.23,5823357,2.48347E-06,0.841344746
5824332,2.43103E-06,2.43103E-06,0.843736849,12246.28,5824332,2.45864E-06,0.843752355
5825306,2.40649E-06,2.40649E-06,0.846093501,12248.33,5825306,2.43381E-06,0.84613577
5826280,2.38197E-06,2.38197E-06,0.848426253,12250.38,5826280,2.40899E-06,0.848494997
5827255,2.35747E-06,2.35747E-06,0.850735124,12252.43,5827255,2.38419E-06,0.85083005
5828229,2.333E-06,2.333E-06,0.853020139,12254.48,5828229,2.3594E-06,0.853140944
5829203,2.30856E-06,2.30856E-06,0.855281326,12256.53,5829203,2.33464E-06,0.8554277
5830178,2.28415E-06,2.28415E-06,0.857518717,12258.57,5830178,2.30991E-06,0.857690346
5831152,2.25979E-06,2.25979E-06,0.859732349,12260.62,5831152,2.28521E-06,0.85992891
5832126,2.23547E-06,2.23547E-06,0.861922264,12262.67,5832126,2.26055E-06,0.862143428
5833101,2.2112E-06,2.2112E-06,0.864088507,12264.72,5833101,2.23593E-06,0.864333939
5834075,2.18698E-06,2.18698E-06,0.866231127,12266.77,5834075,2.21136E-06,0.866500487
5835049,2.16282E-06,2.16282E-06,0.868350178,12268.82,5835049,2.18684E-06,0.868643119
5836024,2.13872E-06,2.13872E-06,0.870445717,12270.87,5836024,2.16238E-06,0.870761888
5836998,2.11468E-06,2.11468E-06,0.872517806,12272.91,5836998,2.13797E-06,0.872856849
5837972,2.09072E-06,2.09072E-06,0.874566509,12274.96,5837972,2.11363E-06,0.874928064
5838947,2.06682E-06,2.06682E-06,0.876591897,12277.01,5838947,2.08936E-06,0.876975597
5839921,2.043E-06,2.04301E-06,0.878594042,12279.06,5839921,2.06516E-06,0.878999516
5840895,2.01927E-06,2.01927E-06,0.88057302,12281.11,5840895,2.04104E-06,0.880999893
5841870,1.99562E-06,1.99562E-06,0.882528911,12283.16,5841870,2.01699E-06,0.882976804
5842844,1.97205E-06,1.97205E-06,0.8844618,12285.21,5842844,1.99303E-06,0.88493033
5843818,1.94858E-06,1.94858E-06,0.886371773,12287.25,5843818,1.96916E-06,0.886860554
5844792,1.9252E-06,1.9252E-06,0.888258921,12289.3,5844792,1.94538E-06,0.888767563
5845767,1.90192E-06,1.90192E-06,0.890123337,12291.35,5845767,1.9217E-06,0.890651448
5846741,1.87874E-06,1.87874E-06,0.891965119,12293.4,5846741,1.89811E-06,0.892512303
5847715,1.85566E-06,1.85566E-06,0.893784367,12295.45,5847715,1.87462E-06,0.894350226
5848690,1.83269E-06,1.83269E-06,0.895581185,12297.5,5848690,1.85124E-06,0.896165319
5849664,1.80984E-06,1.80984E-06,0.897355679,12299.55,5849664,1.82797E-06,0.897957685
5850638,1.7871E-06,1.7871E-06,0.899107958,12301.59,5850638,1.80482E-06,0.899727432
5851613,1.76447E-06,1.76447E-06,0.900838135,12303.64,5851613,1.78177E-06,0.901474671
5852587,1.74196E-06,1.74196E-06,0.902546326,12305.69,5852587,1.75885E-06,0.903199515
5853561,1.71958E-06,1.71958E-06,0.904232647,12307.74,5853561,1.73604E-06,0.904902082
5854536,1.69732E-06,1.69732E-06,0.90589722,12309.79,5854536,1.71336E-06,0.906582491
5855510,1.67519E-06,1.67519E-06,0.907540168,12311.84,5855510,1.69081E-06,0.908240864
5856484,1.65319E-06,1.65319E-06,0.909161618,12313.89,5856484,1.66839E-06,0.909877328
5857459,1.63132E-06,1.63132E-06,0.910761697,12315.94,5857459,1.6461E-06,0.911492009
5858433,1.60959E-06,1.60959E-06,0.912340536,12317.98,5858433,1.62394E-06,0.913085038
5859407,1.588E-06,1.588E-06,0.913898268,12320.03,5859407,1.60193E-06,0.914656549
5860382,1.56654E-06,1.56654E-06,0.91543503,12322.08,5860382,1.58005E-06,0.916206678
5861356,1.54523E-06,1.54523E-06,0.916950957,12324.13,5861356,1.55832E-06,0.917735561
5862330,1.52407E-06,1.52407E-06,0.918446191,12326.18,5862330,1.53673E-06,0.919243341
5863305,1.50305E-06,1.50305E-06,0.919920873,12328.23,5863305,1.51529E-06,0.920730159
5864279,1.48217E-06,1.48217E-06,0.921375147,12330.28,5864279,1.494E-06,0.92219616
5865253,1.46145E-06,1.46145E-06,0.922809158,12332.32,5865253,1.47286E-06,0.923641491
5866228,1.44089E-06,1.44089E-06,0.924223055,12334.37,5866228,1.45188E-06,0.925066301
5867202,1.42047E-06,1.42047E-06,0.925616986,12336.42,5867202,1.43105E-06,0.92647074
5868176,1.40021E-06,1.40021E-06,0.926991102,12338.47,5868176,1.41038E-06,0.927854963
5869151,1.38011E-06,1.38011E-06,0.928345557,12340.52,5869151,1.38987E-06,0.929219123
5870125,1.36017E-06,1.36017E-06,0.929680504,12342.57,5870125,1.36952E-06,0.930563377
5871099,1.34039E-06,1.34039E-06,0.9309961,12344.62,5871099,1.34933E-06,0.931887882
5872074,1.32077E-06,1.32077E-06,0.932292501,12346.66,5872074,1.32931E-06,0.933192799
5873048,1.30131E-06,1.30131E-06,0.933569867,12348.71,5873048,1.30945E-06,0.934478288
5874022,1.28202E-06,1.28202E-06,0.934828356,12350.76,5874022,1.28976E-06,0.935744512
5874997,1.2629E-06,1.2629E-06,0.936068131,12352.81,5874997,1.27024E-06,0.936991636
5875971,1.24394E-06,1.24394E-06,0.937289353,12354.86,5875971,1.25089E-06,0.938219823
5876945,1.22515E-06,1.22515E-06,0.938492186,12356.91,5876945,1.23172E-06,0.939429242
5877920,1.20653E-06,1.20653E-06,0.939676794,12358.96,5877920,1.21271E-06,0.940620059
5878894,1.18808E-06,1.18808E-06,0.940843343,12361,5878894,1.19388E-06,0.941792444
5879868,1.1698E-06,1.1698E-06,0.941992,12363.05,5879868,1.17522E-06,0.942946567
5880842,1.1517E-06,1.1517E-06,0.943122931,12365.1,5880842,1.15674E-06,0.944082598
5881817,1.13376E-06,1.13376E-06,0.944236304,12367.15,5881817,1.13844E-06,0.945200708
5882791,1.116E-06,1.116E-06,0.945332288,12369.2,5882791,1.12031E-06,0.946301072
5883765,1.09841E-06,1.09841E-06,0.946411053,12371.25,5883765,1.10237E-06,0.947383862
5884740,1.081E-06,1.081E-06,0.947472768,12373.3,5884740,1.0846E-06,0.948449252
5885714,1.06377E-06,1.06377E-06,0.948517605,12375.35,5885714,1.06701E-06,0.949497417
5886688,1.04671E-06,1.04671E-06,0.949545733,12377.39,5886688,1.0496E-06,0.950528532
5887663,1.02982E-06,1.02982E-06,0.950557325,12379.44,5887663,1.03237E-06,0.951542774
5888637,1.01312E-06,1.01312E-06,0.951552553,12381.49,5888637,1.01532E-06,0.952540318
5889611,9.96585E-07,9.96585E-07,0.952531588,12383.54,5889611,9.98459E-07,0.953521342
5890586,9.80231E-07,9.80231E-07,0.953494603,12385.59,5890586,9.81776E-07,0.954486023
5891560,9.64055E-07,9.64055E-07,0.95444177,12387.64,5891560,9.65275E-07,0.955434537
5892534,9.48056E-07,9.48056E-07,0.955373264,12389.69,5892534,9.48957E-07,0.956367064
5893509,9.32235E-07,9.32235E-07,0.956289255,12391.73,5893509,9.32821E-07,0.957283779
5894483,9.16591E-07,9.16591E-07,0.957189918,12393.78,5894483,9.16868E-07,0.958184862
5895457,9.01124E-07,9.01125E-07,0.958075425,12395.83,5895457,9.01098E-07,0.959070491
5896432,8.85836E-07,8.85836E-07,0.95894595,12397.88,5896432,8.8551E-07,0.959940843
5897406,8.70724E-07,8.70724E-07,0.959801664,12399.93,5897406,8.70105E-07,0.960796097
5898380,8.5579E-07,8.5579E-07,0.960642741,12401.98,5898380,8.54882E-07,0.96163643
5899355,8.41032E-07,8.41032E-07,0.961469354,12404.03,5899355,8.39842E-07,0.96246202
5900329,8.26451E-07,8.26451E-07,0.962281673,12406.07,5900329,8.24984E-07,0.963273044
5901303,8.12047E-07,8.12047E-07,0.963079873,12408.12,5901303,8.10307E-07,0.964069681
5902278,7.97818E-07,7.97818E-07,0.963864123,12410.17,5902278,7.95812E-07,0.964852106
5903252,7.83765E-07,7.83765E-07,0.964634596,12412.22,5903252,7.81499E-07,0.965620498
5904226,7.69887E-07,7.69887E-07,0.965391461,12414.27,5904226,7.67366E-07,0.966375031
5905201,7.56184E-07,7.56184E-07,0.966134891,12416.32,5905201,7.53413E-07,0.967115881
5906175,7.42655E-07,7.42655E-07,0.966865053,12418.37,5906175,7.3964E-07,0.967843225
5907149,7.29299E-07,7.29299E-07,0.967582119,12420.41,5907149,7.26046E-07,0.968557237
5908124,7.16116E-07,7.16116E-07,0.968286256,12422.46,5908124,7.12631E-07,0.969258091
5909098,7.03106E-07,7.03106E-07,0.968977633,12424.51,5909098,6.99394E-07,0.969945961
5910072,6.90267E-07,6.90267E-07,0.969656417,12426.56,5910072,6.86333E-07,0.97062102
5911047,6.77599E-07,6.77599E-07,0.970322775,12428.61,5911047,6.7345E-07,0.97128344
5912021,6.65101E-07,6.65101E-07,0.970976873,12430.66,5912021,6.60742E-07,0.971933393
5912995,6.52772E-07,6.52772E-07,0.971618877,12432.71,5912995,6.48209E-07,0.97257105
5913969,6.40612E-07,6.40612E-07,0.972248951,12434.76,5913969,6.35851E-07,0.973196581
5914944,6.28619E-07,6.28619E-07,0.972867258,12436.8,5914944,6.23665E-07,0.973810155
5915918,6.16794E-07,6.16794E-07,0.973473962,12438.85,5915918,6.11652E-07,0.974411941
5916892,6.05133E-07,6.05134E-07,0.974069225,12440.9,5916892,5.9981E-07,0.975002105
5917867,5.93638E-07,5.93638E-07,0.974653208,12442.95,5917867,5.88139E-07,0.975580815
5918841,5.82307E-07,5.82307E-07,0.97522607,12445,5918841,5.76637E-07,0.976148236
5919815,5.71138E-07,5.71139E-07,0.975787972,12447.05,5919815,5.65304E-07,0.976704532
5920790,5.60132E-07,5.60132E-07,0.97633907,12449.1,5920790,5.54138E-07,0.977249868
5921764,5.49286E-07,5.49286E-07,0.976879523,12451.14,5921764,5.43138E-07,0.977784406
5922738,5.386E-07,5.386E-07,0.977409487,12453.19,5922738,5.32303E-07,0.978308306
5923713,5.28072E-07,5.28072E-07,0.977929116,12455.24,5923713,5.21633E-07,0.97882173
5924687,5.17702E-07,5.17702E-07,0.978438564,12457.29,5924687,5.11125E-07,0.979324837
5925661,5.07488E-07,5.07488E-07,0.978937984,12459.34,5925661,5.00778E-07,0.979817785
5926636,4.97429E-07,4.97429E-07,0.979427529,12461.39,5926636,4.90592E-07,0.98030073
5927610,4.87524E-07,4.87524E-07,0.979907348,12463.44,5927610,4.80566E-07,0.980773828
5928584,4.77771E-07,4.77771E-07,0.98037759,12465.48,5928584,4.70697E-07,0.981237234
5929559,4.6817E-07,4.6817E-07,0.980838405,12467.53,5929559,4.60984E-07,0.9816911
5930533,4.5872E-07,4.5872E-07,0.981289938,12469.58,5930533,4.51427E-07,0.982135579
5931507,4.49418E-07,4.49418E-07,0.981732336,12471.63,5931507,4.42024E-07,0.982570822
5932482,4.40263E-07,4.40263E-07,0.982165743,12473.68,5932482,4.32773E-07,0.982996977
5933456,4.31255E-07,4.31255E-07,0.982590301,12475.73,5933456,4.23674E-07,0.983414193
5934430,4.22392E-07,4.22392E-07,0.983006154,12477.78,5934430,4.14724E-07,0.983822617
5935405,4.13673E-07,4.13673E-07,0.983413442,12479.82,5935405,4.05923E-07,0.984222393
5936379,4.05096E-07,4.05096E-07,0.983812304,12481.87,5936379,3.97269E-07,0.984613665
5937353,3.9666E-07,3.9666E-07,0.984202877,12483.92,5937353,3.88761E-07,0.984996577
5938328,3.88363E-07,3.88363E-07,0.984585299,12485.97,5938328,3.80396E-07,0.985371269
5939302,3.80205E-07,3.80205E-07,0.984959705,12488.02,5939302,3.72175E-07,0.985737882
5940276,3.72183E-07,3.72183E-07,0.985326229,12490.07,5940276,3.64095E-07,0.986096553
5941251,3.64297E-07,3.64297E-07,0.985685004,12492.12,5941251,3.56154E-07,0.986447419
5942225,3.56545E-07,3.56545E-07,0.98603616,12494.16,5942225,3.48352E-07,0.986790616
5943199,3.48926E-07,3.48926E-07,0.986379827,12496.21,5943199,3.40687E-07,0.987126279
5944174,3.41437E-07,3.41437E-07,0.986716135,12498.26,5944174,3.33157E-07,0.987454539
5945148,3.34078E-07,3.34078E-07,0.98704521,12500.31,5945148,3.25761E-07,0.987775527
5946122,3.26848E-07,3.26848E-07,0.987367178,12502.36,5946122,3.18497E-07,0.988089375
5947096,3.19744E-07,3.19744E-07,0.987682163,12504.41,5947096,3.11364E-07,0.988396209
5948071,3.12766E-07,3.12766E-07,0.987990288,12506.46,5948071,3.04361E-07,0.988696156
5949045,3.05912E-07,3.05912E-07,0.988291674,12508.51,5949045,2.97485E-07,0.988989342
5950019,2.9918E-07,2.9918E-07,0.988586442,12510.55,5950019,2.90735E-07,0.98927589
5950994,2.92569E-07,2.9257E-07,0.98887471,12512.6,5950994,2.84111E-07,0.989555923
5951968,2.86078E-07,2.86078E-07,0.989156595,12514.65,5951968,2.77609E-07,0.989829561
5952942,2.79705E-07,2.79705E-07,0.989432214,12516.7,5952942,2.71229E-07,0.990096924
5953917,2.73449E-07,2.73449E-07,0.989701681,12518.75,5953917,2.64969E-07,0.99035813
5954891,2.67308E-07,2.67308E-07,0.989965108,12520.8,5954891,2.58828E-07,0.990613295
5955865,2.61281E-07,2.61281E-07,0.990222607,12522.85,5955865,2.52804E-07,0.990862533
5956840,2.55366E-07,2.55366E-07,0.990474288,12524.89,5956840,2.46895E-07,0.991105957
5957814,2.49562E-07,2.49562E-07,0.990720261,12526.94,5957814,2.411E-07,0.991343681
5958788,2.43867E-07,2.43867E-07,0.990960631,12528.99,5958788,2.35418E-07,0.991575814
5959763,2.3828E-07,2.3828E-07,0.991195506,12531.04,5959763,2.29847E-07,0.991802464
5960737,2.328E-07,2.328E-07,0.99142499,12533.09,5960737,2.24385E-07,0.99202374
5961711,2.27425E-07,2.27425E-07,0.991649185,12535.14,5961711,2.19031E-07,0.992239746
5962686,2.22153E-07,2.22153E-07,0.991868194,12537.19,5962686,2.13783E-07,0.992450589
5963660,2.16984E-07,2.16984E-07,0.992082116,12539.23,5963660,2.08641E-07,0.992656369
5964634,2.11915E-07,2.11915E-07,0.992291051,12541.28,5964634,2.03601E-07,0.992857189
5965609,2.06946E-07,2.06946E-07,0.992495096,12543.33,5965609,1.98664E-07,0.993053149
5966583,2.02074E-07,2.02074E-07,0.992694347,12545.38,5966583,1.93827E-07,0.993244347
5967557,1.97299E-07,1.97299E-07,0.992888899,12547.43,5967557,1.89088E-07,0.993430881
5968532,1.9262E-07,1.9262E-07,0.993078845,12549.48,5968532,1.84447E-07,0.993612845
5969506,1.88033E-07,1.88033E-07,0.993264277,12551.53,5969506,1.79902E-07,0.993790335
5970480,1.8354E-07,1.8354E-07,0.993445285,12553.57,5970480,1.75452E-07,0.993963442
5971455,1.79137E-07,1.79137E-07,0.99362196,12555.62,5971455,1.71094E-07,0.994132258
5972429,1.74823E-07,1.74823E-07,0.993794389,12557.67,5972429,1.66828E-07,0.994296874
5973403,1.70598E-07,1.70598E-07,0.993962658,12559.72,5973403,1.62652E-07,0.994457377
5974378,1.6646E-07,1.6646E-07,0.994126853,12561.77,5974378,1.58565E-07,0.994613854
5975352,1.62407E-07,1.62407E-07,0.994287058,12563.82,5975352,1.54565E-07,0.994766392
5976326,1.58438E-07,1.58438E-07,0.994443355,12565.87,5976326,1.50651E-07,0.994915074
5977301,1.54553E-07,1.54553E-07,0.994595825,12567.92,5977301,1.46821E-07,0.995059984
5978275,1.50748E-07,1.50748E-07,0.99474455,12569.96,5978275,1.43074E-07,0.995201203
5979249,1.47024E-07,1.47024E-07,0.994889606,12572.01,5979249,1.39409E-07,0.995338812
5980223,1.43378E-07,1.43378E-07,0.995031073,12574.06,5980223,1.35825E-07,0.995472889
5981198,1.39811E-07,1.39811E-07,0.995169025,12576.11,5981198,1.32319E-07,0.995603512
5982172,1.36319E-07,1.36319E-07,0.995303539,12578.16,5982172,1.28891E-07,0.995730757
5983146,1.32903E-07,1.32903E-07,0.995434687,12580.21,5983146,1.25539E-07,0.995854699
5984121,1.2956E-07,1.2956E-07,0.995562543,12582.26,5984121,1.22262E-07,0.995975412
5985095,1.2629E-07,1.2629E-07,0.995687177,12584.3,5985095,1.19058E-07,0.996092967
5986069,1.23091E-07,1.23091E-07,0.99580866,12586.35,5986069,1.15927E-07,0.996207438
5987044,1.19962E-07,1.19962E-07,0.99592706,12588.4,5987044,1.12867E-07,0.996318892
5988018,1.16902E-07,1.16902E-07,0.996042445,12590.45,5988018,1.09877E-07,0.996427399
5988992,1.13909E-07,1.13909E-07,0.996154882,12592.5,5988992,1.06956E-07,0.996533026
5989967,1.10983E-07,1.10983E-07,0.996264436,12594.55,5989967,1.04101E-07,0.99663584
5990941,1.08123E-07,1.08123E-07,0.996371171,12596.6,5990941,1.01313E-07,0.996735904
5991915,1.05326E-07,1.05326E-07,0.996475149,12598.64,5991915,9.85894E-08,0.996833284
5992890,1.02592E-07,1.02592E-07,0.996576434,12600.69,5992890,9.59295E-08,0.996928041
5993864,9.99207E-08,9.99207E-08,0.996675086,12602.74,5993864,9.3332E-08,0.997020237
5994838,9.73096E-08,9.73096E-08,0.996771164,12604.79,5994838,9.07958E-08,0.997109932
5995813,9.47581E-08,9.47581E-08,0.996864727,12606.84,5995813,8.83197E-08,0.997197185
5996787,9.22651E-08,9.22651E-08,0.996955833,12608.89,5996787,8.59025E-08,0.997282055
5997761,8.98295E-08,8.98295E-08,0.997044538,12610.94,5997761,8.35432E-08,0.997364598
5998736,8.74503E-08,8.74503E-08,0.997130898,12612.98,5998736,8.12405E-08,0.99744487
5999710,8.51263E-08,8.51263E-08,0.997214966,12615.03,5999710,7.89933E-08,0.997522925
6000684,8.28565E-08,8.28565E-08,0.997296796,12617.08,6000684,7.68007E-08,0.997598818
6001659,8.06399E-08,8.06399E-08,0.997376441,12619.13,6001659,7.46614E-08,0.9976726
6002633,7.84755E-08,7.84755E-08,0.997453952,12621.18,6002633,7.25745E-08,0.997744323
6003607,7.63622E-08,7.63622E-08,0.997529379,12623.23,6003607,7.05388E-08,0.997814039
6004582,7.4299E-08,7.4299E-08,0.997602771,12625.28,6004582,6.85534E-08,0.997881795
6005556,7.2285E-08,7.2285E-08,0.997674178,12627.33,6005556,6.66172E-08,0.997947641
6006530,7.03193E-08,7.03193E-08,0.997743645,12629.37,6006530,6.47293E-08,0.998011624
6007505,6.84007E-08,6.84007E-08,0.99781122,12631.42,6007505,6.28885E-08,0.998073791
6008479,6.65285E-08,6.65285E-08,0.997876949,12633.47,6008479,6.1094E-08,0.998134187
6009453,6.47017E-08,6.47017E-08,0.997940876,12635.52,6009453,5.93447E-08,0.998192856
6010428,6.29193E-08,6.29193E-08,0.998003044,12637.57,6010428,5.76398E-08,0.998249843
6011402,6.11804E-08,6.11804E-08,0.998063497,12639.62,6011402,5.59783E-08,0.99830519
6012376,5.94842E-08,5.94842E-08,0.998122277,12641.67,6012376,5.43592E-08,0.998358939
6013351,5.78298E-08,5.78298E-08,0.998179425,12643.71,6013351,5.27816E-08,0.99841113
6014325,5.62163E-08,5.62163E-08,0.99823498,12645.76,6014325,5.12448E-08,0.998461805
6015299,5.46429E-08,5.46429E-08,0.998288983,12647.81,6015299,4.97477E-08,0.998511001
6016273,5.31087E-08,5.31087E-08,0.998341473,12649.86,6016273,4.82895E-08,0.998558758
6017248,5.16129E-08,5.16129E-08,0.998392486,12651.91,6017248,4.68693E-08,0.998605113
